trainloss,testloss
0.11011670033137004,0.10519427185257275
0.10104837827384472,0.10173900839355257
0.09454616035024326,0.09365730277366108
